label	family	scope	C	rank_metric	rank_value	n	positives	negatives	prevalence	threshold	tp	fp	tn	fn	accuracy	balanced_accuracy	precision	recall	f1	mcc	specificity	aupr	auroc	all_negative_accuracy	all_negative_balanced_accuracy	all_negative_f1	aupr_lift_over_prevalence
trna_modifier	binary	all_trainable	0.003	aupr	0.9916246046688209	362	214	148	0.5911602209944752	0.5572217070202024	209	1	147	5	0.9834254143646409	0.9849393786309675	0.9952380952380953	0.9766355140186916	0.9858490566037735	0.9661037110478251	0.9932432432432432	0.9916246046688209	0.9913803990906795	0.4088397790055249	0.5	0.0	1.6774210602341735
trna_modifier	binary	all_trainable	0.01	aupr	0.9925061535247756	362	214	148	0.5911602209944752	0.6966759409305351	209	1	147	5	0.9834254143646409	0.9849393786309675	0.9952380952380953	0.9766355140186916	0.9858490566037735	0.9661037110478251	0.9932432432432432	0.9925061535247756	0.9925486233897448	0.4088397790055249	0.5	0.0	1.678912278392377
trna_modifier	binary	all_trainable	0.03	aupr	0.9932729763667558	362	214	148	0.5911602209944752	0.7892085450554818	209	1	147	5	0.9834254143646409	0.9849393786309675	0.9952380952380953	0.9766355140186916	0.9858490566037735	0.9661037110478251	0.9932432432432432	0.9932729763667558	0.9931485223541299	0.4088397790055249	0.5	0.0	1.6802094273119887
trna_modifier	binary	all_trainable	0.1	aupr	0.99371892187779	362	214	148	0.5911602209944752	0.8363608799168278	209	1	147	5	0.9834254143646409	0.9849393786309675	0.9952380952380953	0.9766355140186916	0.9858490566037735	0.9661037110478251	0.9932432432432432	0.99371892187779	0.993495832280879	0.4088397790055249	0.5	0.0	1.680963783737196
trna_modifier	binary	all_trainable	0.3	aupr	0.9942870220888788	362	214	148	0.5911602209944752	0.4263702503915786	212	4	144	2	0.9834254143646409	0.9818135892902249	0.9814814814814815	0.9906542056074766	0.986046511627907	0.9657027795961025	0.972972972972973	0.9942870220888788	0.9939694367264461	0.4088397790055249	0.5	0.0	1.6819247756830564
trna_modifier	binary	all_trainable	1.0	aupr	0.9948385751260242	362	214	148	0.5911602209944752	0.2747524888084444	213	5	143	1	0.9834254143646409	0.9807716595099774	0.9770642201834863	0.9953271028037384	0.9861111111111112	0.9658220276070598	0.9662162162162162	0.9948385751260242	0.9944746148017176	0.4088397790055249	0.5	0.0	1.6828577766150503
trna_modifier	binary	all_trainable	3.0	aupr	0.9949631410804048	362	214	148	0.5911602209944752	0.2985745463281627	213	5	143	1	0.9834254143646409	0.9807716595099774	0.9770642201834863	0.9953271028037384	0.9861111111111112	0.9658220276070598	0.9662162162162162	0.9949631410804048	0.99463248295024	0.4088397790055249	0.5	0.0	1.683068490986479
trna_modifier	binary	all_trainable	10.0	aupr	0.9958829026626765	362	214	148	0.5911602209944752	0.26421415979392343	213	5	143	1	0.9834254143646409	0.9807716595099774	0.9770642201834863	0.9953271028037384	0.9861111111111112	0.9658220276070598	0.9662162162162162	0.9958829026626765	0.9953902500631473	0.4088397790055249	0.5	0.0	1.6846243493639668
deaminase	mechanism	mechanism_labeled	0.003	aupr	1.0	209	1	208	0.004784688995215311	0.8252683101312086	1	0	208	0	1.0	1.0	1.0	1.0	1.0	1.0	1.0	1.0	1.0	0.9952153110047847	0.5	0.0	209.0
deaminase	mechanism	mechanism_labeled	0.01	aupr	1.0	209	1	208	0.004784688995215311	0.8427019551418028	1	0	208	0	1.0	1.0	1.0	1.0	1.0	1.0	1.0	1.0	1.0	0.9952153110047847	0.5	0.0	209.0
deaminase	mechanism	mechanism_labeled	0.03	aupr	1.0	209	1	208	0.004784688995215311	0.8717317831311149	1	0	208	0	1.0	1.0	1.0	1.0	1.0	1.0	1.0	1.0	1.0	0.9952153110047847	0.5	0.0	209.0
deaminase	mechanism	mechanism_labeled	0.1	aupr	1.0	209	1	208	0.004784688995215311	0.9034226823926272	1	0	208	0	1.0	1.0	1.0	1.0	1.0	1.0	1.0	1.0	1.0	0.9952153110047847	0.5	0.0	209.0
deaminase	mechanism	mechanism_labeled	0.3	aupr	1.0	209	1	208	0.004784688995215311	0.9282760533597645	1	0	208	0	1.0	1.0	1.0	1.0	1.0	1.0	1.0	1.0	1.0	0.9952153110047847	0.5	0.0	209.0
deaminase	mechanism	mechanism_labeled	1.0	aupr	1.0	209	1	208	0.004784688995215311	0.9498591969616551	1	0	208	0	1.0	1.0	1.0	1.0	1.0	1.0	1.0	1.0	0.9999999999999999	0.9952153110047847	0.5	0.0	209.0
deaminase	mechanism	mechanism_labeled	3.0	aupr	1.0	209	1	208	0.004784688995215311	0.9649652428865104	1	0	208	0	1.0	1.0	1.0	1.0	1.0	1.0	1.0	1.0	1.0	0.9952153110047847	0.5	0.0	209.0
deaminase	mechanism	mechanism_labeled	10.0	aupr	1.0	209	1	208	0.004784688995215311	0.9767158981680328	1	0	208	0	1.0	1.0	1.0	1.0	1.0	1.0	1.0	1.0	0.9999999999999999	0.9952153110047847	0.5	0.0	209.0
dihydrouridine_synthase	mechanism	mechanism_labeled	0.003	aupr	1.0	209	1	208	0.004784688995215311	0.9502519849510881	1	0	208	0	1.0	1.0	1.0	1.0	1.0	1.0	1.0	1.0	1.0	0.9952153110047847	0.5	0.0	209.0
dihydrouridine_synthase	mechanism	mechanism_labeled	0.01	aupr	1.0	209	1	208	0.004784688995215311	0.9782767377968795	1	0	208	0	1.0	1.0	1.0	1.0	1.0	1.0	1.0	1.0	1.0	0.9952153110047847	0.5	0.0	209.0
dihydrouridine_synthase	mechanism	mechanism_labeled	0.03	aupr	1.0	209	1	208	0.004784688995215311	0.9914120947947604	1	0	208	0	1.0	1.0	1.0	1.0	1.0	1.0	1.0	1.0	1.0	0.9952153110047847	0.5	0.0	209.0
dihydrouridine_synthase	mechanism	mechanism_labeled	0.1	aupr	1.0	209	1	208	0.004784688995215311	0.9972452324091247	1	0	208	0	1.0	1.0	1.0	1.0	1.0	1.0	1.0	1.0	1.0	0.9952153110047847	0.5	0.0	209.0
dihydrouridine_synthase	mechanism	mechanism_labeled	0.3	aupr	1.0	209	1	208	0.004784688995215311	0.999087470513684	1	0	208	0	1.0	1.0	1.0	1.0	1.0	1.0	1.0	1.0	1.0	0.9952153110047847	0.5	0.0	209.0
dihydrouridine_synthase	mechanism	mechanism_labeled	1.0	aupr	1.0	209	1	208	0.004784688995215311	0.9997371942136595	1	0	208	0	1.0	1.0	1.0	1.0	1.0	1.0	1.0	1.0	1.0	0.9952153110047847	0.5	0.0	209.0
dihydrouridine_synthase	mechanism	mechanism_labeled	3.0	aupr	1.0	209	1	208	0.004784688995215311	0.999920061837438	1	0	208	0	1.0	1.0	1.0	1.0	1.0	1.0	1.0	1.0	1.0	0.9952153110047847	0.5	0.0	209.0
dihydrouridine_synthase	mechanism	mechanism_labeled	10.0	aupr	1.0	209	1	208	0.004784688995215311	0.999978295782718	1	0	208	0	1.0	1.0	1.0	1.0	1.0	1.0	1.0	1.0	1.0	0.9952153110047847	0.5	0.0	209.0
methyltransferase	mechanism	mechanism_labeled	0.003	aupr	0.8895821139311044	209	24	185	0.11483253588516747	0.5086700722929194	23	9	176	1	0.9521531100478469	0.9548423423423424	0.71875	0.9583333333333334	0.8214285714285714	0.8054169141641634	0.9513513513513514	0.8895821139311044	0.9734234234234235	0.8851674641148325	0.5	0.0	7.746777575483367
methyltransferase	mechanism	mechanism_labeled	0.01	aupr	0.9109577453276624	209	24	185	0.11483253588516747	0.6009835277473251	22	5	180	2	0.9665071770334929	0.9448198198198199	0.8148148148148148	0.9166666666666666	0.8627450980392157	0.8456449009180105	0.972972972972973	0.9109577453276624	0.9770270270270272	0.8851674641148325	0.5	0.0	7.93292369889506
methyltransferase	mechanism	mechanism_labeled	0.03	aupr	0.9210308934271263	209	24	185	0.11483253588516747	0.8541462924785188	20	2	183	4	0.9712918660287081	0.9112612612612613	0.9090909090909091	0.8333333333333334	0.8695652173913043	0.8544903060274351	0.9891891891891892	0.9210308934271263	0.9783783783783784	0.8851674641148325	0.5	0.0	8.020644030261225
methyltransferase	mechanism	mechanism_labeled	0.1	aupr	0.9286456545559034	209	24	185	0.11483253588516747	0.9075421393475092	20	1	184	4	0.9760765550239234	0.9139639639639641	0.9523809523809523	0.8333333333333334	0.8888888888888888	0.87800187965319	0.9945945945945946	0.9286456545559034	0.9801801801801802	0.8851674641148325	0.5	0.0	8.086955908424326
methyltransferase	mechanism	mechanism_labeled	0.3	aupr	0.9337299293469838	209	24	185	0.11483253588516747	0.826278753066968	21	2	183	3	0.9760765550239234	0.9320945945945946	0.9130434782608695	0.875	0.8936170212765957	0.8803997772962207	0.9891891891891892	0.9337299293469838	0.9817567567567568	0.8851674641148325	0.5	0.0	8.131231468063318
methyltransferase	mechanism	mechanism_labeled	1.0	aupr	0.9332093699099266	209	24	185	0.11483253588516747	0.8786507597168474	21	2	183	3	0.9760765550239234	0.9320945945945946	0.9130434782608695	0.875	0.8936170212765957	0.8803997772962207	0.9891891891891892	0.9332093699099266	0.9824324324324324	0.8851674641148325	0.5	0.0	8.126698262965611
methyltransferase	mechanism	mechanism_labeled	3.0	aupr	0.9367993634122009	209	24	185	0.11483253588516747	0.918453117263681	21	2	183	3	0.9760765550239234	0.9320945945945946	0.9130434782608695	0.875	0.8936170212765957	0.8803997772962207	0.9891891891891892	0.9367993634122009	0.9837837837837838	0.8851674641148325	0.5	0.0	8.157961123047917
methyltransferase	mechanism	mechanism_labeled	10.0	aupr	0.9377259757176124	209	24	185	0.11483253588516747	0.9469910577033173	21	2	183	3	0.9760765550239234	0.9320945945945946	0.9130434782608695	0.875	0.8936170212765957	0.8803997772962207	0.9891891891891892	0.9377259757176124	0.9849099099099099	0.8851674641148325	0.5	0.0	8.166030371874207
pseudouridine_synthase	mechanism	mechanism_labeled	0.003	aupr	0.9974929627023222	209	28	181	0.1339712918660287	0.7938541802757574	28	1	180	0	0.9952153110047847	0.9972375690607735	0.9655172413793104	1.0	0.9824561403508771	0.9798892243409072	0.994475138121547	0.9974929627023222	0.9996053670086819	0.8660287081339713	0.5	0.0	7.445572471599476
pseudouridine_synthase	mechanism	mechanism_labeled	0.01	aupr	0.9987684729064039	209	28	181	0.1339712918660287	0.8336508197151266	28	1	180	0	0.9952153110047847	0.9972375690607735	0.9655172413793104	1.0	0.9824561403508771	0.9798892243409072	0.994475138121547	0.9987684729064039	0.999802683504341	0.8660287081339713	0.5	0.0	7.455093244194229
pseudouridine_synthase	mechanism	mechanism_labeled	0.03	aupr	1.0	209	28	181	0.1339712918660287	0.8666822752963571	28	0	181	0	1.0	1.0	1.0	1.0	1.0	1.0	1.0	1.0	0.9999999999999999	0.8660287081339713	0.5	0.0	7.464285714285714
pseudouridine_synthase	mechanism	mechanism_labeled	0.1	aupr	1.0	209	28	181	0.1339712918660287	0.8989753740380362	28	0	181	0	1.0	1.0	1.0	1.0	1.0	1.0	1.0	1.0	1.0	0.8660287081339713	0.5	0.0	7.464285714285714
pseudouridine_synthase	mechanism	mechanism_labeled	0.3	aupr	1.0	209	28	181	0.1339712918660287	0.9234049306087951	28	0	181	0	1.0	1.0	1.0	1.0	1.0	1.0	1.0	1.0	1.0	0.8660287081339713	0.5	0.0	7.464285714285714
pseudouridine_synthase	mechanism	mechanism_labeled	1.0	aupr	1.0	209	28	181	0.1339712918660287	0.9445886174742609	28	0	181	0	1.0	1.0	1.0	1.0	1.0	1.0	1.0	1.0	1.0	0.8660287081339713	0.5	0.0	7.464285714285714
pseudouridine_synthase	mechanism	mechanism_labeled	3.0	aupr	1.0	209	28	181	0.1339712918660287	0.9591252202228235	28	0	181	0	1.0	1.0	1.0	1.0	1.0	1.0	1.0	1.0	1.0	0.8660287081339713	0.5	0.0	7.464285714285714
pseudouridine_synthase	mechanism	mechanism_labeled	10.0	aupr	0.9999999999999998	209	28	181	0.1339712918660287	0.9676067615784311	28	0	181	0	1.0	1.0	1.0	1.0	1.0	1.0	1.0	0.9999999999999998	1.0	0.8660287081339713	0.5	0.0	7.464285714285713
queuosine_pathway	mechanism	mechanism_labeled	0.003	aupr	0.9991342973643857	209	110	99	0.5263157894736842	0.7570622213436474	108	0	99	2	0.9904306220095693	0.990909090909091	1.0	0.9818181818181818	0.9908256880733946	0.9810077663422254	1.0	0.9991342973643857	0.998989898989899	0.47368421052631576	0.5	0.0	1.898355164992333
queuosine_pathway	mechanism	mechanism_labeled	0.01	aupr	0.9995172205698518	209	110	99	0.5263157894736842	0.8310573670997269	108	0	99	2	0.9904306220095693	0.990909090909091	1.0	0.9818181818181818	0.9908256880733946	0.9810077663422254	1.0	0.9995172205698518	0.9994490358126721	0.47368421052631576	0.5	0.0	1.8990827190827186
queuosine_pathway	mechanism	mechanism_labeled	0.03	aupr	0.9995948482674143	209	110	99	0.5263157894736842	0.8780640962809592	108	0	99	2	0.9904306220095693	0.990909090909091	1.0	0.9818181818181818	0.9908256880733946	0.9810077663422254	1.0	0.9995948482674143	0.9995408631772268	0.47368421052631576	0.5	0.0	1.8992302117080873
queuosine_pathway	mechanism	mechanism_labeled	0.1	aupr	0.9996760038031154	209	110	99	0.5263157894736842	0.5601138323102128	109	1	98	1	0.9904306220095693	0.9904040404040404	0.990909090909091	0.990909090909091	0.990909090909091	0.9808080808080808	0.98989898989899	0.9996760038031154	0.9996326905417814	0.47368421052631576	0.5	0.0	1.8993844072259194
queuosine_pathway	mechanism	mechanism_labeled	0.3	aupr	0.9996760038031153	209	110	99	0.5263157894736842	0.5563434874472017	109	1	98	1	0.9904306220095693	0.9904040404040404	0.990909090909091	0.990909090909091	0.990909090909091	0.9808080808080808	0.98989898989899	0.9996760038031153	0.9996326905417815	0.47368421052631576	0.5	0.0	1.8993844072259192
queuosine_pathway	mechanism	mechanism_labeled	1.0	aupr	0.9996760038031154	209	110	99	0.5263157894736842	0.5537108886444249	109	1	98	1	0.9904306220095693	0.9904040404040404	0.990909090909091	0.990909090909091	0.990909090909091	0.9808080808080808	0.98989898989899	0.9996760038031154	0.9996326905417814	0.47368421052631576	0.5	0.0	1.8993844072259194
queuosine_pathway	mechanism	mechanism_labeled	3.0	aupr	0.9996760038031156	209	110	99	0.5263157894736842	0.5499375881937086	109	1	98	1	0.9904306220095693	0.9904040404040404	0.990909090909091	0.990909090909091	0.990909090909091	0.9808080808080808	0.98989898989899	0.9996760038031156	0.9996326905417815	0.47368421052631576	0.5	0.0	1.8993844072259198
queuosine_pathway	mechanism	mechanism_labeled	10.0	aupr	0.9997550177095631	209	110	99	0.5263157894736842	0.48636130970586144	110	2	97	0	0.9904306220095693	0.9898989898989898	0.9821428571428571	1.0	0.990990990990991	0.9809697178310792	0.9797979797979798	0.9997550177095631	0.9997245179063361	0.47368421052631576	0.5	0.0	1.89953453364817
t6a_pathway	mechanism	mechanism_labeled	0.003	aupr	0.8840310896180461	209	25	184	0.11961722488038277	0.8134610976746018	21	0	184	4	0.9808612440191388	0.9199999999999999	1.0	0.84	0.9130434782608695	0.9067125562020567	1.0	0.8840310896180461	0.907608695652174	0.8803827751196173	0.5	0.0	7.3904999092068655
t6a_pathway	mechanism	mechanism_labeled	0.01	aupr	0.8893180223285486	209	25	184	0.11961722488038277	0.8004789829371814	21	0	184	4	0.9808612440191388	0.9199999999999999	1.0	0.84	0.9130434782608695	0.9067125562020567	1.0	0.8893180223285486	0.9154347826086957	0.8803827751196173	0.5	0.0	7.434698666666667
t6a_pathway	mechanism	mechanism_labeled	0.03	aupr	0.8996586115722807	209	25	184	0.11961722488038277	0.7766583199362449	21	0	184	4	0.9808612440191388	0.9199999999999999	1.0	0.84	0.9130434782608695	0.9067125562020567	1.0	0.8996586115722807	0.9282608695652174	0.8803827751196173	0.5	0.0	7.521145992744266
t6a_pathway	mechanism	mechanism_labeled	0.1	aupr	0.9088288563288565	209	25	184	0.11961722488038277	0.7537977471664828	21	0	184	4	0.9808612440191388	0.9199999999999999	1.0	0.84	0.9130434782608695	0.9067125562020567	1.0	0.9088288563288565	0.9321739130434783	0.8803827751196173	0.5	0.0	7.59780923890924
t6a_pathway	mechanism	mechanism_labeled	0.3	aupr	0.9136187695876691	209	25	184	0.11961722488038277	0.7370792235465289	21	0	184	4	0.9808612440191388	0.9199999999999999	1.0	0.84	0.9130434782608695	0.9067125562020567	1.0	0.9136187695876691	0.9354347826086956	0.8803827751196173	0.5	0.0	7.637852913752914
t6a_pathway	mechanism	mechanism_labeled	1.0	aupr	0.9191225735858478	209	25	184	0.11961722488038277	0.14351286968513563	22	1	183	3	0.9808612440191388	0.9372826086956522	0.9565217391304348	0.88	0.9166666666666666	0.9068818843261958	0.9945652173913043	0.9191225735858478	0.9397826086956521	0.8803827751196173	0.5	0.0	7.6838647151776875
t6a_pathway	mechanism	mechanism_labeled	3.0	aupr	0.9233819051639229	209	25	184	0.11961722488038277	0.14113108721949438	22	1	183	3	0.9808612440191388	0.9372826086956522	0.9565217391304348	0.88	0.9166666666666666	0.9068818843261958	0.9945652173913043	0.9233819051639229	0.9423913043478261	0.8803827751196173	0.5	0.0	7.719472727170396
t6a_pathway	mechanism	mechanism_labeled	10.0	aupr	0.9244722516790387	209	25	184	0.11961722488038277	0.1490994205049709	22	1	183	3	0.9808612440191388	0.9372826086956522	0.9565217391304348	0.88	0.9166666666666666	0.9068818843261958	0.9945652173913043	0.9244722516790387	0.9447826086956522	0.8803827751196173	0.5	0.0	7.728588024036763
thiolation	mechanism	mechanism_labeled	0.003	aupr	0.9868035190615834	209	22	187	0.10526315789473684	0.8845861835290972	21	0	187	1	0.9952153110047847	0.9772727272727273	1.0	0.9545454545454546	0.9767441860465116	0.9744065296919879	1.0	0.9868035190615834	0.9978123480797277	0.8947368421052632	0.5	0.0	9.374633431085043
thiolation	mechanism	mechanism_labeled	0.01	aupr	0.9930069930069929	209	22	187	0.10526315789473684	0.9384491022791956	21	0	187	1	0.9952153110047847	0.9772727272727273	1.0	0.9545454545454546	0.9767441860465116	0.9744065296919879	1.0	0.9930069930069929	0.9990277102576567	0.8947368421052632	0.5	0.0	9.433566433566433
thiolation	mechanism	mechanism_labeled	0.03	aupr	0.9962121212121211	209	22	187	0.10526315789473684	0.9692943829509096	21	0	187	1	0.9952153110047847	0.9772727272727273	1.0	0.9545454545454546	0.9767441860465116	0.9744065296919879	1.0	0.9962121212121211	0.9995138551288284	0.8947368421052632	0.5	0.0	9.46401515151515
thiolation	mechanism	mechanism_labeled	0.1	aupr	0.9999999999999998	209	22	187	0.10526315789473684	0.6277777030243715	22	0	187	0	1.0	1.0	1.0	1.0	1.0	1.0	1.0	0.9999999999999998	1.0	0.8947368421052632	0.5	0.0	9.499999999999998
thiolation	mechanism	mechanism_labeled	0.3	aupr	0.9999999999999998	209	22	187	0.10526315789473684	0.6781382749975841	22	0	187	0	1.0	1.0	1.0	1.0	1.0	1.0	1.0	0.9999999999999998	0.9999999999999999	0.8947368421052632	0.5	0.0	9.499999999999998
thiolation	mechanism	mechanism_labeled	1.0	aupr	0.9999999999999998	209	22	187	0.10526315789473684	0.7354579239064958	22	0	187	0	1.0	1.0	1.0	1.0	1.0	1.0	1.0	0.9999999999999998	1.0	0.8947368421052632	0.5	0.0	9.499999999999998
thiolation	mechanism	mechanism_labeled	3.0	aupr	0.9999999999999998	209	22	187	0.10526315789473684	0.7890069064564523	22	0	187	0	1.0	1.0	1.0	1.0	1.0	1.0	1.0	0.9999999999999998	1.0	0.8947368421052632	0.5	0.0	9.499999999999998
thiolation	mechanism	mechanism_labeled	10.0	aupr	0.9999999999999999	209	22	187	0.10526315789473684	0.8392766427403576	22	0	187	0	1.0	1.0	1.0	1.0	1.0	1.0	1.0	0.9999999999999999	1.0	0.8947368421052632	0.5	0.0	9.5
wyosine_pathway	mechanism	mechanism_labeled	0.003	aupr	1.0	209	1	208	0.004784688995215311	0.9068943950717611	1	0	208	0	1.0	1.0	1.0	1.0	1.0	1.0	1.0	1.0	0.9999999999999999	0.9952153110047847	0.5	0.0	209.0
wyosine_pathway	mechanism	mechanism_labeled	0.01	aupr	1.0	209	1	208	0.004784688995215311	0.8851452197977054	1	0	208	0	1.0	1.0	1.0	1.0	1.0	1.0	1.0	1.0	1.0	0.9952153110047847	0.5	0.0	209.0
wyosine_pathway	mechanism	mechanism_labeled	0.03	aupr	0.5	209	1	208	0.004784688995215311	0.8516440513765244	1	1	207	0	0.9952153110047847	0.9975961538461539	0.5	1.0	0.6666666666666666	0.7054049573444703	0.9951923076923077	0.5	0.9951923076923077	0.9952153110047847	0.5	0.0	104.5
wyosine_pathway	mechanism	mechanism_labeled	0.1	aupr	0.3333333333333333	209	1	208	0.004784688995215311	0.8154960976022896	1	2	206	0	0.9904306220095693	0.9951923076923077	0.3333333333333333	1.0	0.5	0.5745678420588861	0.9903846153846154	0.3333333333333333	0.9903846153846153	0.9952153110047847	0.5	0.0	69.66666666666667
wyosine_pathway	mechanism	mechanism_labeled	0.3	aupr	0.3333333333333333	209	1	208	0.004784688995215311	0.7858249318215261	1	2	206	0	0.9904306220095693	0.9951923076923077	0.3333333333333333	1.0	0.5	0.5745678420588861	0.9903846153846154	0.3333333333333333	0.9903846153846154	0.9952153110047847	0.5	0.0	69.66666666666667
wyosine_pathway	mechanism	mechanism_labeled	1.0	aupr	0.3333333333333333	209	1	208	0.004784688995215311	0.7541190445530621	1	2	206	0	0.9904306220095693	0.9951923076923077	0.3333333333333333	1.0	0.5	0.5745678420588861	0.9903846153846154	0.3333333333333333	0.9903846153846154	0.9952153110047847	0.5	0.0	69.66666666666667
wyosine_pathway	mechanism	mechanism_labeled	3.0	aupr	0.3333333333333333	209	1	208	0.004784688995215311	0.7243618270247625	1	2	206	0	0.9904306220095693	0.9951923076923077	0.3333333333333333	1.0	0.5	0.5745678420588861	0.9903846153846154	0.3333333333333333	0.9903846153846154	0.9952153110047847	0.5	0.0	69.66666666666667
wyosine_pathway	mechanism	mechanism_labeled	10.0	aupr	0.3333333333333333	209	1	208	0.004784688995215311	0.6868415877069499	1	2	206	0	0.9904306220095693	0.9951923076923077	0.3333333333333333	1.0	0.5	0.5745678420588861	0.9903846153846154	0.3333333333333333	0.9903846153846154	0.9952153110047847	0.5	0.0	69.66666666666667
